filename, condition, replicate
Image 2.czi,control, rep1
Image 3.czi,control, rep1
Image 4.czi,control, rep1
Image 5.czi,control, rep1
Image 6.czi,control, rep1
Image 7.czi,control, rep1
Image 8.czi,control, rep1
Image 9.czi,control, rep1
Image 10.czi,control, rep1
Image 11.czi,control, rep1
Image 12.czi,control, rep1
Image 13.czi,control, rep1
Image 14.czi,control, rep1
Image 15.czi,control, rep1
Image 16.czi,control, rep1
Image 17.czi,control, rep1
Image 18.czi,control, rep1
Image 19.czi,control, rep1
Image 20.czi,control, rep1
Image 21.czi,control, rep1
Image 22.czi,control, rep1
Image 23.czi,control, rep1
Image 24.czi,control, rep1
Image 25.czi,control, rep1
Image 26.czi,control, rep1
Image 27.czi,control, rep1
Image 28.czi,control, rep1
Image 29.czi,knocksideways, rep1
Image 30.czi,knocksideways, rep1
Image 31.czi,knocksideways, rep1
Image 32.czi,knocksideways, rep1
Image 33.czi,knocksideways, rep1
Image 34.czi,knocksideways, rep1
Image 35.czi,knocksideways, rep1
Image 36.czi,knocksideways, rep1
Image 37.czi,knocksideways, rep1
Image 38.czi,knocksideways, rep1
Image 39.czi,knocksideways, rep1
Image 40.czi,knocksideways, rep1
Image 41.czi,knocksideways, rep1
Image 42.czi,knocksideways, rep1
Image 43.czi,knocksideways, rep1
Image 44.czi,knocksideways, rep1
Image 45.czi,knocksideways, rep1
Image 46.czi,knocksideways, rep1
Image 47.czi,knocksideways, rep1
Image 48.czi,knocksideways, rep1
Image 49.czi,knocksideways, rep1
Image 50.czi,knocksideways, rep1
Image 51.czi,knocksideways, rep1
Image 52.czi,knocksideways, rep1
Image 53.czi,knocksideways, rep1
Image 54.czi,knocksideways, rep1
Image 55.czi,knocksideways, rep1
Image 56.czi,knocksideways, rep1
Image 57.czi,knocksideways, rep1
Image 58.czi,knocksideways, rep1
Image 59.czi,knocksideways, rep1
Image 60.czi,knocksideways, rep1
Image 61.czi,knocksideways, rep1